{"cameraMode":{"drawMode":2,"name":"Shaded Wireframe","section":"Shading Mode"},"sceneLighting":false,"audioPlay":false,"sceneViewState":{"showFog":true,"showMaterialUpdate":false,"showSkybox":false,"showFlares":true,"showImageEffects":true,"showParticleSystems":true},"in2DMode":false,"pivot":{"x":46.22075271606445,"y":1.6392638683319092,"z":0.003067612648010254},"rotation":{"x":0.3062760531902313,"y":-0.11924824863672257,"z":0.03862419351935387,"w":0.9437170028686523},"size":2.2007412910461427,"orthographic":false}