{"cameraMode":{"drawMode":2,"name":"Shaded Wireframe","section":"Shading Mode"},"sceneLighting":true,"audioPlay":false,"sceneViewState":{"showFog":true,"showMaterialUpdate":false,"showSkybox":true,"showFlares":true,"showImageEffects":true,"showParticleSystems":true},"in2DMode":false,"pivot":{"x":101.547119140625,"y":2.169839859008789,"z":129.6175537109375},"rotation":{"x":0.3062760531902313,"y":-0.11924824863672257,"z":0.03862419351935387,"w":0.9437170028686523},"size":2.8286800384521486,"orthographic":false}